use Proyecto;

--Datos Productos
INSERT INTO Productos (ID_Producto, ID_Categoria, nombre, unidad_medida, costo_unitario, saldo, total) VALUES (1, 101, 'DESINFECTANTE EN AEROSOL PARA SUPERFICIES DE 354GRS, CON FRAGANCIA', 'Unidad', 3856.77, 163, 628653.51);

INSERT INTO Productos (ID_Producto, ID_Categoria, nombre, unidad_medida, costo_unitario, saldo, total) VALUES (2, 102, 'ABRILLANTADOR PARA SUPERFICIES DE 240 ML (± 10 ML)', 'Unidad', 678.25, 0, 0.00);

INSERT INTO Productos (ID_Producto, ID_Categoria, nombre, unidad_medida, costo_unitario, saldo, total) VALUES (3, 103, 'ACOPLE PARA MANGUERA DE 1.27CM (1/2")', 'Unidad', 637.17, 13, 8283.21);

INSERT INTO Productos (ID_Producto, ID_Categoria, nombre, unidad_medida, costo_unitario, saldo, total) VALUES (4, 104, 'ADAPTADOR HEMBRA 25 MM PVC PRESION', 'Unidad', 487.61, 33, 16091.13);

INSERT INTO Productos (ID_Producto, ID_Categoria, nombre, unidad_medida, costo_unitario, saldo, total) VALUES (5, 105, 'ADAPTADOR HEMBRA PVC 38MM(1-1/2") PRESION', 'Unidad', 887.96, 32, 28414.72);

INSERT INTO Productos (ID_Producto, ID_Categoria, nombre, unidad_medida, costo_unitario, saldo, total) VALUES (6, 106, 'ADAPTADOR HEMBRA, PVC, 50 MM, DE PRESION', 'Unidad', 1216.46, 22, 26762.12);

INSERT INTO Productos (ID_Producto, ID_Categoria, nombre, unidad_medida, costo_unitario, saldo, total) VALUES (7, 107, 'ADAPTADOR MACHO DE PLASTICO DE ALTA DENSIDAD', 'Unidad', 793.81, 23, 18257.63);

INSERT INTO Productos (ID_Producto, ID_Categoria, nombre, unidad_medida, costo_unitario, saldo, total) VALUES (8, 108, 'ALCOHOL EN GEL, DESINFECTANTE PARA MANOS, ENVASE DE 1.000 ML (1 LITRO)', 'Unidad', 1980.00, 88, 174240.00);

INSERT INTO Productos (ID_Producto, ID_Categoria, nombre, unidad_medida, costo_unitario, saldo, total) VALUES (9, 109, 'ALCOHOL MULTIUSO LIQUIDO AL 80%', 'Galón', 1872.03, 81, 151634.43);

INSERT INTO Productos (ID_Producto, ID_Categoria, nombre, unidad_medida, costo_unitario, saldo, total) VALUES (10, 110, 'BALDE PLASTICO DE 10 LITROS, SIN TAPA', 'Unidad', 2121.47, 23, 48793.81);

INSERT INTO Productos (ID_Producto, ID_Categoria, nombre, unidad_medida, costo_unitario, saldo, total) VALUES (11, 111, 'BOLIGRAFO AZUL PUNTA FINA', 'Unidad', 82.90, 444, 36807.60);

INSERT INTO Productos (ID_Producto, ID_Categoria, nombre, unidad_medida, costo_unitario, saldo, total) VALUES (12, 112, 'CARPETA COLGANTE TAMAÑO OFICIO', 'Caja', 2993.98, 32, 95807.36);

INSERT INTO Productos (ID_Producto, ID_Categoria, nombre, unidad_medida, costo_unitario, saldo, total) VALUES (13, 113, 'CUADERNO DE 100 HOJAS, RAYADO COMUN', 'Unidad', 609.87, 14, 8538.18);

INSERT INTO Productos (ID_Producto, ID_Categoria, nombre, unidad_medida, costo_unitario, saldo, total) VALUES (14, 114, 'DESINFECTANTE PARA MANOS, SPRAY, 400 ML', 'Unidad', 6584.50, 83, 546513.50);

INSERT INTO Productos (ID_Producto, ID_Categoria, nombre, unidad_medida, costo_unitario, saldo, total) VALUES (15, 115, 'ESCOBA CORRIENTE DE FIBRA DE NYLON', 'Unidad', 1310.35, 23, 30138.05);

INSERT INTO Productos (ID_Producto, ID_Categoria, nombre, unidad_medida, costo_unitario, saldo, total) VALUES (16, 116, 'FIBRA (ESPONJA) DE LIMPIEZA COLOR AZUL', 'Unidad', 404.17, 142, 57392.14);

INSERT INTO Productos (ID_Producto, ID_Categoria, nombre, unidad_medida, costo_unitario, saldo, total) VALUES (17, 117, 'GUANTE DE HULE N°9', 'Par', 508.92, 89, 45293.88);

INSERT INTO Productos (ID_Producto, ID_Categoria, nombre, unidad_medida, costo_unitario, saldo, total) VALUES (18, 118, 'JABON ABRASIVO EN POLVO (PQ DE 250 GR)', 'Paquete', 573.19, 232, 132980.08);

INSERT INTO Productos (ID_Producto, ID_Categoria, nombre, unidad_medida, costo_unitario, saldo, total) VALUES (19, 119, 'LIQUIDO DESINFECTANTE A BASE DE CLORO', 'Galón', 1418.47, 96, 136173.12);

INSERT INTO Productos (ID_Producto, ID_Categoria, nombre, unidad_medida, costo_unitario, saldo, total) VALUES (20, 120, 'PAÑO DE MICROFIBRA COLOR "AMARILLO"', 'Unidad', 926.13, 143, 132436.59);

INSERT INTO Productos (ID_Producto, ID_Categoria, nombre, unidad_medida, costo_unitario, saldo, total) VALUES (21, 121, 'PEGAMENTO DE CONTACTO, PRESENTACION 4OZ', 'Unidad', 2447.59, 5, 12237.95);

INSERT INTO Productos (ID_Producto, ID_Categoria, nombre, unidad_medida, costo_unitario, saldo, total) VALUES (22, 122, 'REGLA PLASTICA DE 30 CM DE LARGO', 'Unidad', 214.20, 39, 8353.80);

INSERT INTO Productos (ID_Producto, ID_Categoria, nombre, unidad_medida, costo_unitario, saldo, total) VALUES (23, 123, 'ROTULADOR PIZARRA ACRILICA COLOR AZUL', 'Unidad', 298.20, 263, 78426.60);

INSERT INTO Productos (ID_Producto, ID_Categoria, nombre, unidad_medida, costo_unitario, saldo, total) VALUES (24, 124, 'SACAGRAPAS METALICO DE 6 CM', 'Unidad', 251.36, 15, 3770.40);

INSERT INTO Productos (ID_Producto, ID_Categoria, nombre, unidad_medida, costo_unitario, saldo, total) VALUES (25, 125, 'TOMA CORRIENTE DOBLE POLARIZADO', 'Unidad', 1324.12, 48, 63557.76);

--Muestra los datos de los productos
select * from Productos;

--Datos Almacenes

INSERT INTO Almacenes (ID_Almacen, nombre_almacen, ubicacion, responsable) VALUES (1, ‘Almacen Principal’, ‘Sede Central’, ‘Risvan Vargas Esquivel’);
INSERT INTO Almacenes (ID_Almacen, nombre_almacen, ubicacion, responsable) VALUES (2, ‘Almacen de Mantenimiento’, ‘Sede del Pacifico’, ‘Juan Carlos Umanzor’);

--Muestra los datos de los almacenes 
select * from Almacenes; 

--Datos Proveedores

INSERT INTO proveedores (ID_Proveedor, nombre, contacto, dirección, teléfono, correo) VALUES (1, 'Distribuidora Costa Rica', 'Luis Pérez', 'San José, Costa Rica', '+506 2222 1111', 'lperez@dcr.com');

INSERT INTO proveedores (ID_Proveedor, nombre, contacto, dirección, teléfono, correo)  VALUES (2, 'Soluciones Técnicas S.A.', 'María Gómez', 'Heredia, Costa Rica', '+506 2233 2222', 'mgomez@soltec.com');

INSERT INTO proveedores (ID_Proveedor, nombre, contacto, dirección, teléfono, correo) VALUES (3, 'Grupo Comercial Tico', 'Carlos Rodríguez', 'Cartago, Costa Rica', '+506 2444 3333', 'crodriguez@gcticocr.com');

INSERT INTO proveedores (ID_Proveedor, nombre, contacto, dirección, teléfono, correo) VALUES (4, 'Proveedora Industrial Centroamericana', 'Ana Méndez', 'Alajuela, Costa Rica', '+506 2555 4444', 'amendez@pica.co.cr');

--Muestra los datos de los proveedores
select * from Proveedores;  

--Movimientos_Inventario

INSERT INTO Movimientos_Inventario (ID_Movimiento, ID_Producto, Tipo_Movimiento, Cantidad, Fecha, Descripción, Responsable) VALUES (1, 101, 'Entrada', 50, '2024-07-04', 'Ingreso de producto para reaprovisionamiento', 'Risvan Eduardo Vargas Esquivel');

INSERT INTO Movimientos_Inventario (ID_Movimiento, ID_Producto, Tipo_Movimiento, Cantidad, Fecha, Descripción, Responsable) VALUES (2, 102, 'Salida', 30, '2024-07-05', 'Entrega para solicitud 2024-2110', 'Maureen Manley Baeza');

INSERT INTO Movimientos_Inventario (ID_Movimiento, ID_Producto, Tipo_Movimiento, Cantidad, Fecha, Descripción, Responsable) VALUES (3, 103, 'Ajuste', -5, '2024-07-06', 'Ajuste por rotura', 'Jorge Campos Pérez');

INSERT INTO Movimientos_Inventario (ID_Movimiento, ID_Producto, Tipo_Movimiento, Cantidad, Fecha, Descripción, Responsable) VALUES (4, 104, 'Entrada', 100, '2024-07-07', 'Ingreso por nueva compra', 'Ana María González');

INSERT INTO Movimientos_Inventario (ID_Movimiento, ID_Producto, Tipo_Movimiento, Cantidad, Fecha, Descripción, Responsable) VALUES (5, 105, 'Salida', 20, '2024-07-08', 'Pedido interno', 'Carlos Jiménez Rodríguez');

INSERT INTO Movimientos_Inventario (ID_Movimiento, ID_Producto, Tipo_Movimiento, Cantidad, Fecha, Descripción, Responsable) VALUES (6, 106, 'Ajuste', -10, '2024-07-09', 'Ajuste por inventario físico', 'Laura Castillo Solano');

INSERT INTO Movimientos_Inventario (ID_Movimiento, ID_Producto, Tipo_Movimiento, Cantidad, Fecha, Descripción, Responsable) VALUES (7, 107, 'Entrada', 25, '2024-07-10', 'Reaprovisionamiento', 'José Antonio Salazar');

INSERT INTO Movimientos_Inventario (ID_Movimiento, ID_Producto, Tipo_Movimiento, Cantidad, Fecha, Descripción, Responsable) VALUES (8, 108, 'Salida', 15, '2024-07-11', 'Solicitud de materiales administrativos', 'María Fernanda Rojas');

INSERT INTO Movimientos_Inventario (ID_Movimiento, ID_Producto, Tipo_Movimiento, Cantidad, Fecha, Descripción, Responsable) VALUES (9, 109, 'Ajuste', -3, '2024-07-12', 'Producto defectuoso', 'Luis Fernando Rodríguez');

INSERT INTO Movimientos_Inventario (ID_Movimiento, ID_Producto, Tipo_Movimiento, Cantidad, Fecha, Descripción, Responsable) VALUES (10, 110, 'Entrada', 45, '2024-07-13', 'Ingreso de material para mantenimiento', 'Patricia Arias Castro');

INSERT INTO Movimientos_Inventario (ID_Movimiento, ID_Producto, Tipo_Movimiento, Cantidad, Fecha, Descripción, Responsable) VALUES (11, 111, 'Salida', 60, '2024-07-14', 'Solicitud aprobada de materiales', 'Andrés Villalobos Mora');

INSERT INTO Movimientos_Inventario (ID_Movimiento, ID_Producto, Tipo_Movimiento, Cantidad, Fecha, Descripción, Responsable) VALUES (12, 112, 'Ajuste', 8, '2024-07-15', 'Ajuste por ingreso extra', 'Rosa Elena Vargas');

INSERT INTO Movimientos_Inventario (ID_Movimiento, ID_Producto, Tipo_Movimiento, Cantidad, Fecha, Descripción, Responsable) VALUES (13, 113, 'Entrada', 75, '2024-07-16', 'Nueva adquisición', 'Miguel Hidalgo Ortega');

INSERT INTO Movimientos_Inventario (ID_Movimiento, ID_Producto, Tipo_Movimiento, Cantidad, Fecha, Descripción, Responsable) VALUES (14, 114, 'Salida', 25, '2024-07-17', 'Salida para despacho interno', 'Gloria Ramírez Castro');

INSERT INTO Movimientos_Inventario (ID_Movimiento, ID_Producto, Tipo_Movimiento, Cantidad, Fecha, Descripción, Responsable) VALUES (15, 115, 'Ajuste', -12, '2024-07-18', 'Ajuste por deterioro', 'Carlos Montero Rodríguez');

INSERT INTO Movimientos_Inventario (ID_Movimiento, ID_Producto, Tipo_Movimiento, Cantidad, Fecha, Descripción, Responsable) VALUES (16, 116, 'Entrada', 55, '2024-07-19', 'Reingreso por devolución', 'Paula Quirós Vargas');

INSERT INTO Movimientos_Inventario (ID_Movimiento, ID_Producto, Tipo_Movimiento, Cantidad, Fecha, Descripción, Responsable) VALUES (17, 117, 'Salida', 35, '2024-07-20', 'Entrega a proyecto', 'Esteban Morales');

INSERT INTO Movimientos_Inventario (ID_Movimiento, ID_Producto, Tipo_Movimiento, Cantidad, Fecha, Descripción, Responsable) VALUES (18, 118, 'Ajuste', -7, '2024-07-21', 'Ajuste de inventario mensual', 'Sandra Pérez Mena');

INSERT INTO Movimientos_Inventario (ID_Movimiento, ID_Producto, Tipo_Movimiento, Cantidad, Fecha, Descripción, Responsable) VALUES (19, 119, 'Entrada', 90, '2024-07-22', 'Ingreso de productos nuevos', 'Marcos Ramírez Soto');

INSERT INTO Movimientos_Inventario (ID_Movimiento, ID_Producto, Tipo_Movimiento, Cantidad, Fecha, Descripción, Responsable) VALUES (20, 120, 'Salida', 40, '2024-07-23', 'Consumo mensual', 'Marta Arias Fernández');

INSERT INTO Movimientos_Inventario (ID_Movimiento, ID_Producto, Tipo_Movimiento, Cantidad, Fecha, Descripción, Responsable) VALUES (21, 121, 'Ajuste', -2, '2024-07-24', 'Corrección por error en registro', 'Ricardo Vargas Esquivel');

INSERT INTO Movimientos_Inventario (ID_Movimiento, ID_Producto, Tipo_Movimiento, Cantidad, Fecha, Descripción, Responsable) VALUES (22, 122, 'Entrada', 20, '2024-07-25', 'Entrega de proveedor', 'Isabel Cruz García');

INSERT INTO Movimientos_Inventario (ID_Movimiento, ID_Producto, Tipo_Movimiento, Cantidad, Fecha, Descripción, Responsable) VALUES (23, 123, 'Salida', 18, '2024-07-26', 'Solicitud específica', 'Mario Sánchez Vega');

INSERT INTO Movimientos_Inventario (ID_Movimiento, ID_Producto, Tipo_Movimiento, Cantidad, Fecha, Descripción, Responsable) VALUES (24, 124, 'Ajuste', -4, '2024-07-27', 'Pérdida registrada', 'Carolina Zamora Chaves');

INSERT INTO Movimientos_Inventario (ID_Movimiento, ID_Producto, Tipo_Movimiento, Cantidad, Fecha, Descripción, Responsable) VALUES (25, 125, 'Entrada', 12, '2024-07-28', 'Ingreso para nuevo pedido', 'Adriana Ortiz Leiva');

--Muestra los datos de los movimientos del inventario
select * from Movimientos_Inventario; 


--Solicitudes_Materiales

INSERT INTO Solicitudes_Materiales (ID_Solicitud, ID_Usuario, Fecha_Solicitud, Estado, Descripción) VALUES (1, 1001, '2024-11-05', 'Aprobado', 'Limpieza y aseo oficinas y s. sanitarios áreas recreativas Sede del Pacífico');

INSERT INTO Solicitudes_Materiales (ID_Solicitud, ID_Usuario, Fecha_Solicitud, Estado, Descripción) VALUES (2, 1002, '2024-11-05', 'Aprobado', 'Solicitud de materiales de limpieza para mantenimiento');

INSERT INTO Solicitudes_Materiales (ID_Solicitud, ID_Usuario, Fecha_Solicitud, Estado, Descripción) VALUES (3, 1003, '2024-11-04', 'Aprobado', 'Requisición de artículos de papelería');

INSERT INTO Solicitudes_Materiales (ID_Solicitud, ID_Usuario, Fecha_Solicitud, Estado, Descripción) VALUES (4, 1004, '2024-10-28', 'Aprobado', 'Materiales para eventos recreativos estudiantiles');

INSERT INTO Solicitudes_Materiales (ID_Solicitud, ID_Usuario, Fecha_Solicitud, Estado, Descripción) VALUES (5, 1005, '2024-10-29', 'Aprobado', 'Requerimientos para oficina Editorial y audiovisual');

INSERT INTO Solicitudes_Materiales (ID_Solicitud, ID_Usuario, Fecha_Solicitud, Estado, Descripción) VALUES (6, 1006, '2024-11-03', 'Pendiente', 'Artículos para la Unidad de Trabajo Social y Programa Residencias');

INSERT INTO Solicitudes_Materiales (ID_Solicitud, ID_Usuario, Fecha_Solicitud, Estado, Descripción) VALUES (7, 1007, '2024-11-02', 'Aprobado', 'Materiales para uso en oficina de salud');

INSERT INTO Solicitudes_Materiales (ID_Solicitud, ID_Usuario, Fecha_Solicitud, Estado, Descripción) VALUES (8, 1008, '2024-10-27', 'Rechazado', 'Solicitudes para biblioteca y área de investigación');

INSERT INTO Solicitudes_Materiales (ID_Solicitud, ID_Usuario, Fecha_Solicitud, Estado, Descripción) VALUES (9, 1009, '2024-10-25', 'Aprobado', 'Reabastecimiento de productos de limpieza y aseo');

INSERT INTO Solicitudes_Materiales (ID_Solicitud, ID_Usuario, Fecha_Solicitud, Estado, Descripción) VALUES (10, 1010, '2024-10-26', 'Aprobado', 'Solicitudes de materiales biodegradables');

INSERT INTO Solicitudes_Materiales (ID_Solicitud, ID_Usuario, Fecha_Solicitud, Estado, Descripción) VALUES (11, 1011, '2024-11-01', 'Pendiente', 'Productos para el mantenimiento de áreas comunes');

INSERT INTO Solicitudes_Materiales (ID_Solicitud, ID_Usuario, Fecha_Solicitud, Estado, Descripción) VALUES (12, 1012, '2024-10-30', 'Aprobado', 'Solicitudes para áreas de alto tráfico');

INSERT INTO Solicitudes_Materiales (ID_Solicitud, ID_Usuario, Fecha_Solicitud, Estado, Descripción) VALUES (13, 1013, '2024-10-29', 'Aprobado', 'Material para actividades de promoción estudiantil');

INSERT INTO Solicitudes_Materiales (ID_Solicitud, ID_Usuario, Fecha_Solicitud, Estado, Descripción) VALUES (14, 1014, '2024-11-04', 'Aprobado', 'Suministro de productos de limpieza y desinfección');

INSERT INTO Solicitudes_Materiales (ID_Solicitud, ID_Usuario, Fecha_Solicitud, Estado, Descripción) VALUES (15, 1015, '2024-10-31', 'Rechazado', 'Requerimiento de material biodegradable');

INSERT INTO Solicitudes_Materiales (ID_Solicitud, ID_Usuario, Fecha_Solicitud, Estado, Descripción) VALUES (16, 1016, '2024-11-01', 'Aprobado', 'Solicitud de papelería adicional');

INSERT INTO Solicitudes_Materiales (ID_Solicitud, ID_Usuario, Fecha_Solicitud, Estado, Descripción) VALUES (17, 1017, '2024-11-03', 'Aprobado', 'Productos específicos para desinfección');

INSERT INTO Solicitudes_Materiales (ID_Solicitud, ID_Usuario, Fecha_Solicitud, Estado, Descripción) VALUES (18, 1018, '2024-10-28', 'Pendiente', 'Solicitud para reposición de equipos pequeños');

INSERT INTO Solicitudes_Materiales (ID_Solicitud, ID_Usuario, Fecha_Solicitud, Estado, Descripción) VALUES (19, 1019, '2024-10-30', 'Aprobado', 'Requerimientos para oficinas administrativas');

INSERT INTO Solicitudes_Materiales (ID_Solicitud, ID_Usuario, Fecha_Solicitud, Estado, Descripción) VALUES (20, 1020, '2024-10-25', 'Aprobado', 'Productos para eventos institucionales');

INSERT INTO Solicitudes_Materiales (ID_Solicitud, ID_Usuario, Fecha_Solicitud, Estado, Descripción) VALUES (21, 1021, '2024-10-31', 'Rechazado', 'Suministros para áreas de descanso y recreación');

INSERT INTO Solicitudes_Materiales (ID_Solicitud, ID_Usuario, Fecha_Solicitud, Estado, Descripción) VALUES (22, 1022, '2024-10-29', 'Aprobado', 'Requerimiento de material para soporte técnico');

INSERT INTO Solicitudes_Materiales (ID_Solicitud, ID_Usuario, Fecha_Solicitud, Estado, Descripción) VALUES (23, 1023, '2024-11-02', 'Aprobado', 'Materiales para mantenimiento preventivo');

INSERT INTO Solicitudes_Materiales (ID_Solicitud, ID_Usuario, Fecha_Solicitud, Estado, Descripción) VALUES (24, 1024, '2024-11-05', 'Pendiente', 'Suministro de artículos de seguridad e higiene');

INSERT INTO Solicitudes_Materiales (ID_Solicitud, ID_Usuario, Fecha_Solicitud, Estado, Descripción) VALUES (25, 1025, '2024-11-04', 'Aprobado', 'Productos para uso diario de la comunidad universitaria');

---Muestra los datos de las solicitudes de los materiales
select * from Solicitudes_Materiales;

--Detalle_Solicitud

INSERT INTO Detalle_Solicitud (ID_Detalle, ID_Solicitud, ID_Producto, Cantidad, Unidad_Medida) VALUES (1, 1, 101, 2, 'Ud');

INSERT INTO Detalle_Solicitud (ID_Detalle, ID_Solicitud, ID_Producto, Cantidad, Unidad_Medida) VALUES (2, 1, 102, 3, 'Lt');

INSERT INTO Detalle_Solicitud (ID_Detalle, ID_Solicitud, ID_Producto, Cantidad, Unidad_Medida) VALUES (3, 2, 103, 4, 'Ud');

INSERT INTO Detalle_Solicitud (ID_Detalle, ID_Solicitud, ID_Producto, Cantidad, Unidad_Medida) VALUES (4, 2, 104, 10, 'Ud');

INSERT INTO Detalle_Solicitud (ID_Detalle, ID_Solicitud, ID_Producto, Cantidad, Unidad_Medida) VALUES (5, 3, 105, 8, 'Lt');

INSERT INTO Detalle_Solicitud (ID_Detalle, ID_Solicitud, ID_Producto, Cantidad, Unidad_Medida) VALUES (6, 3, 106, 12, 'Ud');

INSERT INTO Detalle_Solicitud (ID_Detalle, ID_Solicitud, ID_Producto, Cantidad, Unidad_Medida) VALUES (7, 4, 107, 1, 'Kg');

INSERT INTO Detalle_Solicitud (ID_Detalle, ID_Solicitud, ID_Producto, Cantidad, Unidad_Medida) VALUES (8, 4, 108, 15, 'Ud');

INSERT INTO Detalle_Solicitud (ID_Detalle, ID_Solicitud, ID_Producto, Cantidad, Unidad_Medida) VALUES (9, 5, 109, 20, 'Ud');

INSERT INTO Detalle_Solicitud (ID_Detalle, ID_Solicitud, ID_Producto, Cantidad, Unidad_Medida) VALUES (10, 5, 110, 6, 'Ud');

INSERT INTO Detalle_Solicitud (ID_Detalle, ID_Solicitud, ID_Producto, Cantidad, Unidad_Medida) VALUES (11, 6, 111, 4, 'Lt');

INSERT INTO Detalle_Solicitud (ID_Detalle, ID_Solicitud, ID_Producto, Cantidad, Unidad_Medida) VALUES (12, 6, 112, 5, 'Ud');

INSERT INTO Detalle_Solicitud (ID_Detalle, ID_Solicitud, ID_Producto, Cantidad, Unidad_Medida) VALUES (13, 7, 113, 9, 'Ud');

INSERT INTO Detalle_Solicitud (ID_Detalle, ID_Solicitud, ID_Producto, Cantidad, Unidad_Medida) VALUES (14, 7, 114, 8, 'Kg');

INSERT INTO Detalle_Solicitud (ID_Detalle, ID_Solicitud, ID_Producto, Cantidad, Unidad_Medida) VALUES (15, 8, 115, 2, 'Lt');

INSERT INTO Detalle_Solicitud (ID_Detalle, ID_Solicitud, ID_Producto, Cantidad, Unidad_Medida) VALUES (16, 8, 116, 11, 'Ud');

INSERT INTO Detalle_Solicitud (ID_Detalle, ID_Solicitud, ID_Producto, Cantidad, Unidad_Medida) VALUES (17, 9, 117, 14, 'Ud');

INSERT INTO Detalle_Solicitud (ID_Detalle, ID_Solicitud, ID_Producto, Cantidad, Unidad_Medida) VALUES (18, 9, 118, 7, 'Lt');

INSERT INTO Detalle_Solicitud (ID_Detalle, ID_Solicitud, ID_Producto, Cantidad, Unidad_Medida) VALUES (19, 10, 119, 3, 'Ud');

INSERT INTO Detalle_Solicitud (ID_Detalle, ID_Solicitud, ID_Producto, Cantidad, Unidad_Medida) VALUES (20, 10, 120, 16, 'Ud');

INSERT INTO Detalle_Solicitud (ID_Detalle, ID_Solicitud, ID_Producto, Cantidad, Unidad_Medida) VALUES (21, 11, 121, 10, 'Lt');

INSERT INTO Detalle_Solicitud (ID_Detalle, ID_Solicitud, ID_Producto, Cantidad, Unidad_Medida) VALUES (22, 11, 122, 18, 'Ud');

INSERT INTO Detalle_Solicitud (ID_Detalle, ID_Solicitud, ID_Producto, Cantidad, Unidad_Medida) VALUES (23, 12, 123, 13, 'Ud');

INSERT INTO Detalle_Solicitud (ID_Detalle, ID_Solicitud, ID_Producto, Cantidad, Unidad_Medida) VALUES (24, 12, 124, 9, 'Kg');

INSERT INTO Detalle_Solicitud (ID_Detalle, ID_Solicitud, ID_Producto, Cantidad, Unidad_Medida) VALUES (25, 13, 125, 5, 'Lt');

--Muestra los datos de las solicitudes de los materiales
select * from Solicitudes_Materiales;



